SNP	Allele1	Allele2	Effect	StdErr	P.value	Direction	HetISq	HetChiSq	HetDf	HetPVal	OR_final	CHR	BP	OR	P	ASSO_GENE
rs4821124	t	c	-0.0832	0.0158	1.352e-07	--	0	0.005	1	0.9453	0.920167095396477	22	21979289	1.089	0.002736	GGT2
rs2298428	t	c	0.0832	0.0161	2.188e-07	++	0	0	1	0.9853	1.08675913864223	22	21982892	1.087	0.00367	GGT2
rs5998672	a	g	0.0805	0.0157	2.763e-07	++	0	0	1	0.996	1.08382884664225	22	21966442	1.084	0.004431	GGT2
rs181359	a	g	0.0802	0.0157	3.146e-07	++	0	0.002	1	0.968	1.08350374675568	22	21928641	1.085	0.003958	GGT2
rs181362	t	c	0.0797	0.0157	3.811e-07	++	0	0	1	0.9969	1.0829621302977	22	21932068	1.083	0.004665	GGT2
rs5754217	t	g	0.0784	0.0156	5.117e-07	++	0	0.006	1	0.9401	1.0815551942349	22	21939675	1.08	0.006488	GGT2
rs10911902	t	c	-0.0676	0.0163	3.557e-05	--	64.2	2.796	1	0.0945	0.934634252517449	1	186632317	0.9721	0.3217	PTGS2
rs55671402	t	c	-0.1281	0.0313	4.25e-05	--	7.5	1.081	1	0.2984	0.87976539820585	16	90058097	0.9104	0.03881	DPEP1
rs8101005	t	c	0.0817	0.0209	9.44e-05	++	0	0.245	1	0.6206	1.08513022192723	19	51062142	1.078	0.002397	GPR32
rs5931086	a	g	-0.0799	0.0205	9.519e-05	--	0	0.045	1	0.8314	0.92320866263701	23	136246986	0.9194	0.002876	GPR101
rs56013820	t	c	0.1509	0.0387	9.815e-05	++	0	0.279	1	0.5973	1.1628803642308	16	89355771	0.8812	0.0363	DPEP1
rs465500	a	g	0.0526	0.0137	0.0001294	++	13.4	1.155	1	0.2826	1.05400795760443	22	21798907	1.077	0.002373	GGT2
rs6500537	a	g	-0.0727	0.019	0.0001296	--	42.4	1.737	1	0.1876	0.929879752111021	16	89196208	0.9029	0.0005018	DPEP1
rs4801875	t	g	0.0714	0.0187	0.0001316	++	0	0	1	0.9988	1.07401074425666	19	52043612	1.074	0.02885	FPR2
rs6509546	a	g	0.0559	0.0146	0.0001333	++	0	0.137	1	0.7115	1.05749192925605	19	52018474	1.049	0.07075	FPR2
rs12926888	a	g	0.0613	0.0161	0.0001437	++	17.7	1.215	1	0.2704	1.06321783169669	16	89265466	0.9221	0.0007716	DPEP1
rs11574509	a	g	-0.1458	0.0387	0.0001644	--	0	0	1	0.9983	0.864330552009586	14	24607116	1.157	0.01464	LTB4R
rs62113288	t	c	0.0703	0.0187	0.0001684	++	0	0.003	1	0.953	1.07282998197629	19	52043069	1.071	0.03577	FPR2
rs4802808	t	c	-0.0532	0.0147	0.0003056	--	0	0.072	1	0.7881	0.948190355446138	19	52043392	1.048	0.07225	FPR2
rs11652554	t	c	-0.0627	0.0178	0.0004434	--	46.4	1.867	1	0.1719	0.939225198987922	17	4338964	0.918	0.0004725	ALOX15
rs17177912	a	g	0.1302	0.0371	0.0004493	++	62.4	2.66	1	0.1029	1.13905617177937	16	89909429	0.9397	0.2647	DPEP1
rs1461648	a	g	0.0504	0.0147	0.0005943	++	0	0.282	1	0.5957	1.05169168892748	14	25210937	1.061	0.008546	LTB4R
rs6694957	a	g	0.0563	0.0166	0.0007125	++	35.2	1.543	1	0.2141	1.05791501063839	1	186508738	1.032	0.2149	PTGS2
rs12170538	c	g	-0.1031	0.0308	0.0007975	--	7.7	1.084	1	0.2978	0.902036765294653	22	21400282	0.8726	0.002087	GGT2
rs61785513	a	g	0.0653	0.0196	0.0008749	++	10.1	1.112	1	0.2917	1.06747922011847	1	110608419	0.9553	0.08938	GSTM4
rs72803334	t	c	-0.1334	0.0403	0.000924	--	53.4	2.148	1	0.1427	0.875114976099798	16	89382880	0.9335	0.2493	DPEP1
rs73164868	a	g	-0.1017	0.0307	0.0009423	--	0	0.961	1	0.3268	0.903300501174771	22	21401570	0.8755	0.002713	GGT2
rs3785184	t	c	-0.0854	0.0259	0.0009806	--	0	0.902	1	0.3424	0.918144952958883	16	90095484	0.9454	0.163	DPEP1
rs2965946	t	c	-0.0532	0.0162	0.0009859	--	0	0.007	1	0.9348	0.948190355446138	16	89516612	0.9467	0.02695	DPEP1
rs60292300	t	c	0.1211	0.037	0.001071	++	18.9	1.233	1	0.2668	1.12873778050189	1	186806053	0.9179	0.07963	PTGS2
rs2292979	t	c	0.0937	0.0287	0.001101	++	25.9	1.349	1	0.2454	1.09823022742364	8	27156502	0.8744	0.002981	EPHX2
rs4129126	a	c	-0.0529	0.0162	0.001105	--	0	0.004	1	0.952	0.948474855225605	16	89561475	0.9474	0.02941	DPEP1
rs11590076	a	c	-0.0558	0.0172	0.001152	--	0	0.001	1	0.98	0.945728262629618	1	202122783	0.9462	0.02448	LGR6
rs17227424	c	g	-0.1322	0.0407	0.001168	--	54.3	2.187	1	0.1392	0.876165744406009	16	89804624	0.93	0.2051	DPEP1
rs8059973	a	g	-0.0705	0.0217	0.00117	--	0	0.04	1	0.841	0.9319277395258	16	90079534	0.9273	0.0225	DPEP1
rs35325691	a	g	0.0784	0.0244	0.00133	++	0	0.979	1	0.3224	1.0815551942349	1	186182019	1.054	0.1348	PTGS2
rs12598250	a	g	0.059	0.0184	0.001334	++	48.5	1.942	1	0.1635	1.06077524074016	16	89231051	0.9148	0.001668	DPEP1
rs7259990	t	c	-0.042	0.0131	0.001362	--	15.3	1.181	1	0.2771	0.958869780572485	19	52035703	1.021	0.3713	FPR2
rs3904715	a	c	0.0946	0.0296	0.001382	++	23.6	1.309	1	0.2526	1.09921907954503	13	97185981	0.8746	0.00317	GPR99
rs17239287	t	c	-0.0805	0.0256	0.001636	--	0	0.003	1	0.9569	0.922654903583757	19	52022033	1.082	0.08009	FPR2
